{"cameraMode":{"drawMode":0,"name":"Shaded","section":"Shading Mode"},"sceneLighting":false,"audioPlay":false,"sceneViewState":{"showFog":true,"showMaterialUpdate":false,"showSkybox":true,"showFlares":true,"showImageEffects":true,"showParticleSystems":true},"in2DMode":false,"pivot":{"x":2.2632458209991457,"y":9.892973899841309,"z":90.86287689208985},"rotation":{"x":0.042266231030225757,"y":-0.04044646769762039,"z":0.0017127769533544779,"w":0.9982859492301941},"size":58.674739837646487,"orthographic":false}