{"cameraMode":{"drawMode":0,"name":"Shaded","section":"Shading Mode"},"sceneLighting":false,"audioPlay":false,"sceneViewState":{"showFog":true,"showMaterialUpdate":false,"showSkybox":true,"showFlares":true,"showImageEffects":true,"showParticleSystems":true},"in2DMode":false,"pivot":{"x":5.25379753112793,"y":10.328644752502442,"z":91.22535705566406},"rotation":{"x":-0.0033104941248893739,"y":-0.010502523742616177,"z":0.000034746219171211123,"w":-0.9999394416809082},"size":59.861419677734378,"orthographic":false}