{"cameraMode":{"drawMode":0,"name":"Shaded","section":"Shading Mode"},"sceneLighting":false,"audioPlay":false,"sceneViewState":{"showFog":true,"showMaterialUpdate":false,"showSkybox":true,"showFlares":true,"showImageEffects":true,"showParticleSystems":true},"in2DMode":false,"pivot":{"x":3.279902935028076,"y":3.7407608032226564,"z":90.39889526367188},"rotation":{"x":-0.045292846858501437,"y":0.008987822569906712,"z":-0.00040755842928774655,"w":-0.9989333152770996},"size":51.775169372558597,"orthographic":false}