{"cameraMode":{"drawMode":0,"name":"Shaded","section":"Shading Mode"},"sceneLighting":false,"audioPlay":false,"sceneViewState":{"showFog":true,"showMaterialUpdate":false,"showSkybox":true,"showFlares":true,"showImageEffects":true,"showParticleSystems":true},"in2DMode":false,"pivot":{"x":10.269983291625977,"y":6.29409122467041,"z":125.54405212402344},"rotation":{"x":-0.09264227747917175,"y":-0.07073763012886048,"z":0.006598031613975763,"w":-0.993161678314209},"size":63.998046875,"orthographic":false}