{"cameraMode":{"drawMode":0,"name":"Shaded","section":"Shading Mode"},"sceneLighting":false,"audioPlay":false,"sceneViewState":{"showFog":true,"showMaterialUpdate":false,"showSkybox":true,"showFlares":true,"showImageEffects":true,"showParticleSystems":true},"in2DMode":false,"pivot":{"x":6.251924991607666,"y":1.8827028274536133,"z":193.3899688720703},"rotation":{"x":-0.04649481177330017,"y":-0.00060423300601542,"z":0.000027682834115694277,"w":-0.9989184141159058},"size":152.6964111328125,"orthographic":false}