{"cameraMode":{"drawMode":0,"name":"Shaded","section":"Shading Mode"},"sceneLighting":false,"audioPlay":false,"sceneViewState":{"showFog":true,"showMaterialUpdate":false,"showSkybox":true,"showFlares":true,"showImageEffects":true,"showParticleSystems":true},"in2DMode":false,"pivot":{"x":0.009680867195129395,"y":7.857656002044678,"z":90.27854919433594},"rotation":{"x":0.04979271441698074,"y":0.003002508543431759,"z":-0.00014936730440240353,"w":0.9987550973892212},"size":57.046504974365237,"orthographic":false}