{"cameraMode":{"drawMode":0,"name":"Shaded","section":"Shading Mode"},"sceneLighting":false,"audioPlay":false,"sceneViewState":{"showFog":true,"showMaterialUpdate":false,"showSkybox":true,"showFlares":true,"showImageEffects":true,"showParticleSystems":true},"in2DMode":false,"pivot":{"x":1.0312817096710206,"y":7.857666015625,"z":90.2632064819336},"rotation":{"x":0.04978935420513153,"y":0.011990988627076149,"z":-0.0005974897067062557,"w":0.9986875653266907},"size":57.046504974365237,"orthographic":false}